<?xml version="1.0" encoding="UTF-8"?>
<project-private xmlns="http://www.netbeans.org/ns/project-private/1">
    <editor-bookmarks xmlns="http://www.netbeans.org/ns/editor-bookmarks/1"/>
    <editor-bookmarks xmlns="http://www.netbeans.org/ns/editor-bookmarks/2" lastBookmarkId="0"/>
    <open-files xmlns="http://www.netbeans.org/ns/projectui-open-files/2">
        <group>
            <file>file:/F:/Documentos%20locales/Git/Proyecto_1_Compiladores_e_Interpretes/IDE/ide-triangle-v1.1.src/src/Triangle/AbstractSyntaxTrees/TypeDenoter.java</file>
            <file>file:/F:/Documentos%20locales/Git/Proyecto_1_Compiladores_e_Interpretes/IDE/ide-triangle-v1.1.src/src/Triangle/AbstractSyntaxTrees/RecursiveDeclaration.java</file>
            <file>file:/F:/Documentos%20locales/Git/Proyecto_1_Compiladores_e_Interpretes/IDE/ide-triangle-v1.1.src/src/Triangle/AbstractSyntaxTrees/VarDeclaration.java</file>
            <file>file:/F:/Documentos%20locales/Git/Proyecto_1_Compiladores_e_Interpretes/IDE/ide-triangle-v1.1.src/src/Triangle/AbstractSyntaxTrees/SequentialDeclaration.java</file>
            <file>file:/F:/Documentos%20locales/Git/Proyecto_1_Compiladores_e_Interpretes/IDE/ide-triangle-v1.1.src/src/Triangle/AbstractSyntaxTrees/SequentialCommand.java</file>
        </group>
    </open-files>
</project-private>
